<?xml version="1.0" encoding="UTF-8" standalone="yes"?>
<addon id="script.clearviewskins" name="Clearview Skins" version="1.0.2" provider-name="retrorat1">
  <requires>
    <import addon="xbmc.python" version="2.1.0"/>
  </requires>
  <extension point="xbmc.python.pluginsource" library="default.py">
        <provides>executable</provides>
  </extension>
  <extension point="xbmc.addon.metadata">
    <summary lang="en">Clearview Skins</summary>
    <description lang="en">This is the place to find all our Guide Skins </description>
    <platform>all</platform>
  </extension>
</addon>
