<?xml version="1.0" encoding="UTF-8" standalone="yes"?>
<addon id="plugin.video.clearviewwiz" name="Clearview Wizard" version="0.0.1" provider-name="Retrorat">
  <requires>
    <import addon="xbmc.python" version="2.1.0"/>
	<import addon="script.module.addon.common" />
  </requires>
  <extension point="xbmc.python.pluginsource" library="default.py">
        <provides>executable</provides>
  </extension>
  <extension point="xbmc.addon.metadata">
    <summary lang="en">Clearview Wizard</summary>
    <description lang="en">Clearview Wizard provides easy access to fixes and maintenance for Clearview Guide. Created By Richard Payne and edited by Robert Kurian for Clearstream.</description>
    <platform>all</platform>
  </extension>
</addon>
