<?xml version="1.0" encoding="UTF-8" standalone="yes"?>
<addon id="plugin.video.clearstream-builds" name="Clearstream Builds" version="1.0.1" provider-name="retrorat1">
  <requires>
    <import addon="xbmc.python" version="2.1.0"/>
  </requires>
  <extension point="xbmc.python.pluginsource" library="default.py">
        <provides>executable</provides>
  </extension>
  <extension point="xbmc.addon.metadata">
    <summary lang="en">Clearstream</summary>
    <description lang="en">This is the place to find all our build </description>
    <platform>all</platform>
  </extension>
</addon>
